<annotation>
	<folder>img</folder>
	<filename>000000.png</filename>
	<path>F:\mooc\exe\data\img\000000.png</path>
	<source>
		<database>Unknown</database>
	</source>
	<size>
		<width>1224</width>
		<height>370</height>
		<depth>3</depth>
	</size>
	<segmented>0</segmented>
	<object>
		<name>person</name>
		<pose>Unspecified</pose>
		<truncated>0</truncated>
		<difficult>0</difficult>
		<bndbox>
			<xmin>715</xmin>
			<ymin>146</ymin>
			<xmax>813</xmax>
			<ymax>308</ymax>
		</bndbox>
	</object>
</annotation>
