<annotation>
	<folder>img</folder>
	<filename>000002.png</filename>
	<path>F:\mooc\exe\data\img\000002.png</path>
	<source>
		<database>Unknown</database>
	</source>
	<size>
		<width>1242</width>
		<height>375</height>
		<depth>3</depth>
	</size>
	<segmented>0</segmented>
	<object>
		<name>car</name>
		<pose>Unspecified</pose>
		<truncated>0</truncated>
		<difficult>0</difficult>
		<bndbox>
			<xmin>799</xmin>
			<ymin>176</ymin>
			<xmax>970</xmax>
			<ymax>327</ymax>
		</bndbox>
	</object>
	<object>
		<name>car</name>
		<pose>Unspecified</pose>
		<truncated>0</truncated>
		<difficult>0</difficult>
		<bndbox>
			<xmin>653</xmin>
			<ymin>184</ymin>
			<xmax>710</xmax>
			<ymax>232</ymax>
		</bndbox>
	</object>
</annotation>
